
[
  {
    "id": "yt_music_01",
    "title": "Baby Shark Dance",
    "category": "music",
    "type": "youtube",
    "source": "XWvUbpAmvrI?si=k2VzSwh7W_SFN7LH",
    "thumbnail": "https://i.ytimg.com/vi/XqZsoesa55w/hqdefault.jpg"
  },
  {
    "id": "yt_music_02",
    "title": "Іде, іде потяг",
    "category": "music",
    "type": "youtube",
    "source": "1pGkL2y5034",
    "thumbnail": "https://i.ytimg.com/vi/1pGkL2y5034/hqdefault.jpg"
  },
  {
    "id": "yt_tale_01",
    "title": "Колобок",
    "category": "fairy_tales",
    "type": "youtube",
    "source": "XCUKU_m2S3g",
    "thumbnail": "https://i.ytimg.com/vi/XCUKU_m2S3g/hqdefault.jpg"
  },
   {
    "id": "yt_tale_02",
    "title": "Ріпка",
    "category": "fairy_tales",
    "type": "youtube",
    "source": "184GvV5ER-0",
    "thumbnail": "https://i.ytimg.com/vi/184GvV5ER-0/hqdefault.jpg"
  },
  {
    "id": "yt_edu_01",
    "title": "Абетка для Дітей",
    "category": "educational",
    "type": "youtube",
    "source": "sYy85BwWUTU",
    "thumbnail": "https://i.ytimg.com/vi/sYy85BwWUTU/hqdefault.jpg"
  },
  {
    "id": "yt_edu_02",
    "title": "Вчимо Кольори",
    "category": "educational",
    "type": "youtube",
    "source": "zL229a3pC1Y",
    "thumbnail": "https://i.ytimg.com/vi/zL229a3pC1Y/hqdefault.jpg"
  },
  {
    "id": "yt_cartoon_01",
    "title": "Фіксики - Вентилятор",
    "category": "cartoons",
    "type": "youtube",
    "source": "RjYodMyA4wM",
    "thumbnail": "https://i.ytimg.com/vi/RjYodMyA4wM/hqdefault.jpg"
  },
   {
    "id": "mp4_cartoon_01",
    "title": "Big Buck Bunny",
    "category": "cartoons",
    "type": "mp4",
    "source": "https://test-videos.co.uk/vids/bigbuckbunny/mp4/h264/360/Big_Buck_Bunny_360_10s_1MB.mp4",
    "thumbnail": "https://picsum.photos/seed/bunny/480/360"
  },
  {
    "id": "mp4_movie_01",
    "title": "Elephants Dream",
    "category": "movies",
    "type": "mp4",
    "source": "https://www.sw.vidce.net/d/SSm0vpUyCOyDzTAw15PTlQ/1752141703/video/2015/tt13834480GR.mp4",
    "thumbnail": "https://picsum.photos/seed/elephants/480/360"
  },
    {
    "id": "yt_series_01",
    "title": "Пес Патрон",
    "category": "series",
    "type": "youtube",
    "source": "watch?v=kYel9v0s8pI&list=PL43z55hS0w_rC-nB81A-hJwfThwGgQpZe",
    "thumbnail": "https://i.ytimg.com/vi/kYel9v0s8pI/hqdefault.jpg"
  }
]
