
[
  {
    "id": "yt_edu_01",
    "title": "Абетка для Дітей",
    "category": "educational",
    "contentType": "video",
    "type": "youtube",
    "source": "sYy85BwWUTU",
    "thumbnail": "https://i.ytimg.com/vi/sYy85BwWUTU/hqdefault.jpg"
  },
  {
    "id": "yt_edu_02",
    "title": "Вчимо Кольори",
    "category": "educational",
    "contentType": "video",
    "type": "youtube",
    "source": "zL229a3pC1Y",
    "thumbnail": "https://i.ytimg.com/vi/zL229a3pC1Y/hqdefault.jpg"
  }
]
