
[
  {
    "id": "yt_music_01",
    "title": "Baby Shark Dance",
    "category": "music",
    "contentType": "video",
    "type": "youtube",
    "source": "XWvUbpAmvrI?si=k2VzSwh7W_SFN7LH",
    "thumbnail": "https://i.ytimg.com/vi/XqZsoesa55w/hqdefault.jpg"
  },
  {
    "id": "yt_music_02",
    "title": "Іде, іде потяг",
    "category": "music",
    "contentType": "video",
    "type": "youtube",
    "source": "1pGkL2y5034",
    "thumbnail": "https://i.ytimg.com/vi/1pGkL2y5034/hqdefault.jpg"
  }
]
